FileName,Class,
data1146.jpg,0,0.113313296
data11.jpg,1,0.317843784
data534.jpg,2,0.512041805
data1628.jpg,3,0.922153205
data1335.jpg,0,0.442625708
data1076.jpg,0,0.489543503
data980.jpg,0,0.444138325
data1086.jpg,0,0.582920018
data1694.jpg,3,0.145602501
data1741.jpg,4,0.861016208
data1951.jpg,4,0.321409239
data1462.jpg,3,0.392256269
data1561.jpg,3,0.30880358
data1286.jpg,0,0.963354232
data1393.jpg,0,0.415312781
data1411.jpg,0,0.523932639
data1753.jpg,4,0.397863249
data269.jpg,1,0.284075103
data901.jpg,2,0.361193182
data1277.jpg,0,0.109078399
data651.jpg,2,0.511394481
data1756.jpg,4,0.343560154
data1840.jpg,4,0.670547436
data1779.jpg,4,0.245968628
data1590.jpg,3,0.787169334
data1790.jpg,4,0.548826903
data1083.jpg,0,0.04402056
data899.jpg,2,0.680920771
data1830.jpg,4,0.009387303
data1461.jpg,3,0.904790286
data678.jpg,2,0.889270763
data510.jpg,2,0.877778126
data1932.jpg,4,0.273836044
data1371.jpg,0,0.019318176
data842.jpg,2,0.983316841
data1736.jpg,4,0.728898338
data1118.jpg,0,0.620252739
data257.jpg,1,0.824035106
data209.jpg,1,0.354243482
data132.jpg,1,0.463985055
data180.jpg,1,0.020551619
data1909.jpg,4,0.693726444
data544.jpg,2,0.76727822
data1089.jpg,0,0.698459139
data1868.jpg,4,0.167255829
data1882.jpg,4,0.079426123
data1463.jpg,3,0.576882992
data166.jpg,1,0.285658912
data1094.jpg,0,0.70224131
data739.jpg,2,0.20858427
data518.jpg,2,0.92784813
data331.jpg,1,0.564390993
data798.jpg,2,0.031075374
data72.jpg,1,0.229327926
data322.jpg,1,0.729351855
data1560.jpg,3,0.269205897
data1919.jpg,4,0.336753755
data249.jpg,1,0.584953144
data1537.jpg,3,0.335878797
data1337.jpg,0,0.841869644
data297.jpg,1,0.94590611
data1271.jpg,0,0.954451159
data946.jpg,2,0.460315083
data444.jpg,1,0.911446116
data136.jpg,1,0.049637143
data1018.jpg,0,0.139358518
data1229.jpg,0,0.023548663
data930.jpg,2,0.538686332
data470.jpg,1,0.282779074
data809.jpg,2,0.747697938
data464.jpg,1,0.964484904
data1065.jpg,0,0.732800819
data431.jpg,1,0.507036109
data736.jpg,2,0.214067992
data818.jpg,2,0.051093747
data951.jpg,2,0.565903626
data489.jpg,2,0.374672449
data36.jpg,1,0.010178135
data67.jpg,1,0.784156382
data217.jpg,1,0.053128417
data185.jpg,1,0.628107384
data442.jpg,1,0.249315221
data1454.jpg,3,0.240089852
data1047.jpg,0,0.300227073
data774.jpg,2,0.240182082
data1608.jpg,3,0.231939824
data674.jpg,2,0.168888842
data430.jpg,1,0.724814669
data256.jpg,1,0.252134394
data169.jpg,1,0.434686228
data367.jpg,1,0.619304513
data976.jpg,0,0.887756069
data750.jpg,2,0.057125493
data1528.jpg,3,0.199947761
data1873.jpg,4,0.365451238
data697.jpg,2,0.139156473
data1785.jpg,4,0.012494831
data744.jpg,2,0.7424171
data22.jpg,1,0.999853494
data812.jpg,2,0.314940977
data890.jpg,2,0.687334237
data59.jpg,1,0.127183962
data1227.jpg,0,0.530431571
data1530.jpg,3,0.572508698
data987.jpg,0,0.225287389
data540.jpg,2,0.79253132
data764.jpg,2,0.990179902
data927.jpg,2,0.901934286
data1303.jpg,0,0.25744506
data1715.jpg,4,0.451330253
data1219.jpg,0,0.749662934
data12.jpg,1,0.105073464
data398.jpg,1,0.210227511
data471.jpg,1,0.221481991
data308.jpg,1,0.344501203
data1508.jpg,3,0.098437591
data258.jpg,1,0.193427447
data240.jpg,1,0.846585576
data1788.jpg,4,0.595456881
data1390.jpg,0,0.564070616
data1744.jpg,4,0.755904625
data1298.jpg,0,0.006630429
data459.jpg,1,0.064584895
data808.jpg,2,0.350278974
data961.jpg,2,0.066904741
data539.jpg,2,0.191245059
data778.jpg,2,0.383100464
data1799.jpg,4,0.89405372
data990.jpg,0,0.15392225
data1021.jpg,0,0.515923466
data14.jpg,1,0.907010434
data813.jpg,2,0.913836779
data936.jpg,2,0.924683019
data1348.jpg,0,0.950096357
data531.jpg,2,0.376246168
data954.jpg,2,0.168252026
data1201.jpg,0,0.432889262
data983.jpg,0,0.049155301
data1368.jpg,0,0.100132767
data374.jpg,1,0.792337648
data1531.jpg,3,0.177027376
data1200.jpg,0,0.928168169
data1005.jpg,0,0.321327393
data1024.jpg,0,0.307235411
data1933.jpg,4,0.281323923
data1247.jpg,0,0.256571472
data1387.jpg,0,0.498943878
data356.jpg,1,0.950220634
data107.jpg,1,0.063057156
data365.jpg,1,0.75795576
data1794.jpg,4,0.543361086
data1504.jpg,3,0.807808315
data898.jpg,2,0.546196002
data1289.jpg,0,0.448906144
data105.jpg,1,0.064309387
data1773.jpg,4,0.552780838
data1593.jpg,3,0.85329645
data1554.jpg,3,0.381064418
data616.jpg,2,0.276898795
data868.jpg,2,0.662985784
data1875.jpg,4,0.483135642
data285.jpg,1,0.276363597
data1148.jpg,0,0.427077513
data1837.jpg,4,0.788552307
data1377.jpg,0,0.999276833
data1683.jpg,3,0.800593654
data1370.jpg,0,0.770120928
data703.jpg,2,0.492558193
data1552.jpg,3,0.128416002
data1612.jpg,3,0.375641326
data1243.jpg,0,0.44072575
data765.jpg,2,0.326173427
data103.jpg,1,0.943558562
data1851.jpg,4,0.688075904
data658.jpg,2,0.291734973
data1803.jpg,4,0.389987921
data168.jpg,1,0.731570586
data359.jpg,1,0.275774563
data1784.jpg,4,0.060605531
data522.jpg,2,0.788229341
data1644.jpg,3,0.399642176
data1797.jpg,4,0.549969518
data147.jpg,1,0.827081437
data94.jpg,1,0.157269082
data101.jpg,1,0.085077469
data78.jpg,1,0.033865103
data1857.jpg,4,0.81035989
data1743.jpg,4,0.972932205
data21.jpg,1,0.294029039
data699.jpg,2,0.527229605
data512.jpg,2,0.4260203
data361.jpg,1,0.559632902
data123.jpg,1,0.71235943
data1363.jpg,0,0.877199728
data1041.jpg,0,0.195452252
data718.jpg,2,0.041195268
data248.jpg,1,0.704172886
data1224.jpg,0,0.804495378
data663.jpg,2,0.648421797
data1500.jpg,3,0.865323147
data1786.jpg,4,0.179040281
data852.jpg,2,0.300723326
data524.jpg,2,0.906625677
data1373.jpg,0,0.232305918
data902.jpg,2,0.735719522
data1408.jpg,0,0.437852346
data30.jpg,1,0.714970328
data806.jpg,2,0.485567755
data1730.jpg,4,0.897211073
data1359.jpg,0,0.082067653
data650.jpg,2,0.537472424
data596.jpg,2,0.770058727
data923.jpg,2,0.709847685
data80.jpg,1,0.563921329
data730.jpg,2,0.22000022
data1460.jpg,3,0.195645751
data1082.jpg,0,0.694456715
data958.jpg,2,0.58332904
data1313.jpg,0,0.921088823
data1114.jpg,0,0.758202298
data143.jpg,1,0.288180392
data261.jpg,1,0.876855364
data373.jpg,1,0.15845764
data1044.jpg,0,0.144878144
data1473.jpg,3,0.821411216
data728.jpg,2,0.502203565
data64.jpg,1,0.163410499
data493.jpg,2,0.856092821
data940.jpg,2,0.731116141
data1701.jpg,3,0.688973487
data1129.jpg,0,0.98843382
data943.jpg,2,0.439975214
data346.jpg,1,0.109822569
data1817.jpg,4,0.451708338
data955.jpg,2,0.577511665
data1774.jpg,4,0.906366889
data1807.jpg,4,0.023508885
data1197.jpg,0,0.849617657
data445.jpg,1,0.335035243
data532.jpg,2,0.165553104
data1436.jpg,0,0.255188649
data830.jpg,2,0.4654049
data686.jpg,2,0.864007901
data1296.jpg,0,0.927424832
data1193.jpg,0,0.881306097
data827.jpg,2,0.602860563
data957.jpg,2,0.450864414
data318.jpg,1,0.252847503
data65.jpg,1,0.901237517
data870.jpg,2,0.82046131
data1640.jpg,3,0.474336054
data85.jpg,1,0.552757693
data591.jpg,2,0.91574977
data743.jpg,2,0.150017705
data39.jpg,1,0.219866758
data1308.jpg,0,0.261017288
data1948.jpg,4,0.003598604
data1378.jpg,0,0.655724094
data1720.jpg,4,0.624270766
data179.jpg,1,0.565614979
data1161.jpg,0,0.693166108
data1764.jpg,4,0.955165892
data1706.jpg,4,0.834736491
data1321.jpg,0,0.089114717
data1195.jpg,0,0.734694278
data572.jpg,2,0.777093832
data1491.jpg,3,0.479780481
data761.jpg,2,0.824138033
data1752.jpg,4,0.342720971
data895.jpg,2,0.183438413
data201.jpg,1,0.641514383
data1638.jpg,3,0.593900493
data1431.jpg,0,0.365614047
data792.jpg,2,0.339018419
data199.jpg,1,0.290690036
data1650.jpg,3,0.971675913
data541.jpg,2,0.096645936
data133.jpg,1,0.643864303
data1113.jpg,0,0.964253911
data1304.jpg,0,0.419984626
data1355.jpg,0,0.94419405
data1746.jpg,4,0.366783539
data829.jpg,2,0.704599246
data885.jpg,2,0.360484526
data474.jpg,1,0.45588934
data1812.jpg,4,0.539131692
data836.jpg,2,0.391385986
data630.jpg,2,0.219522063
data526.jpg,2,0.521020236
data1331.jpg,0,0.696968068
data1739.jpg,4,0.836379522
data1606.jpg,3,0.057516389
data675.jpg,2,0.66484561
data1926.jpg,4,0.478004878
data1085.jpg,0,0.387429976
data711.jpg,2,0.141412493
data196.jpg,1,0.079670093
data1568.jpg,3,0.824717874
data1887.jpg,4,0.348875943
data1721.jpg,4,0.90636974
data1191.jpg,0,0.936762232
data1126.jpg,0,0.576243507
data854.jpg,2,0.790594861
data573.jpg,2,0.764471238
data1836.jpg,4,0.982799998
data481.jpg,1,0.567765285
data1517.jpg,3,0.541398743
data537.jpg,2,0.819120296
data330.jpg,1,0.287175709
data1824.jpg,4,0.424834693
data399.jpg,1,0.742819123
data154.jpg,1,0.976662495
data883.jpg,2,0.911396985
data1535.jpg,3,0.915506781
data403.jpg,1,0.74840187
data477.jpg,1,0.159534365
data243.jpg,1,0.255099885
data203.jpg,1,0.856841374
data1486.jpg,3,0.360465827
data1268.jpg,0,0.243434354
data461.jpg,1,0.494310893
data1131.jpg,0,0.684248363
data1068.jpg,0,0.658104662
data608.jpg,2,0.984441481
data738.jpg,2,0.636242091
data1349.jpg,0,0.733145714
data1025.jpg,0,0.493404039
data320.jpg,1,0.08348691
data245.jpg,1,0.259595834
data492.jpg,2,0.819704931
data1564.jpg,3,0.139989064
data1372.jpg,0,0.761512524
data839.jpg,2,0.060412247
data707.jpg,2,0.663329141
data1216.jpg,0,0.247558572
data1859.jpg,4,0.565571695
data993.jpg,0,0.872738585
data1022.jpg,0,0.867550288
data1757.jpg,4,0.789876052
data260.jpg,1,0.127462847
data253.jpg,1,0.825045965
data27.jpg,1,0.001697633
data1367.jpg,0,0.137251732
data514.jpg,2,0.085132323
data82.jpg,1,0.633691276
data1910.jpg,4,0.308952838
data1863.jpg,4,0.184766361
data1726.jpg,4,0.304226664
data319.jpg,1,0.243091061
data343.jpg,1,0.490520708
data1877.jpg,4,0.573528293
data551.jpg,2,0.296006605
data1459.jpg,3,0.261698174
data1556.jpg,3,0.002441858
data1256.jpg,0,0.131732016
data231.jpg,1,0.002243054
data164.jpg,1,0.875442549
data1325.jpg,0,0.717960811
data1302.jpg,0,0.823012993
data310.jpg,1,0.019487339
data1328.jpg,0,0.883458256
data376.jpg,1,0.375534329
data1663.jpg,3,0.236834201
data896.jpg,2,0.804858856
data1591.jpg,3,0.358387432
data1658.jpg,3,0.837962404
data1409.jpg,0,0.254616251
data1646.jpg,3,0.777925141
data562.jpg,2,0.851220333
data1210.jpg,0,0.477179351
data1635.jpg,3,0.550860431
data1649.jpg,3,0.321762592
data1166.jpg,0,0.806437
data1719.jpg,4,0.259296252
data1570.jpg,3,0.277650169
data822.jpg,2,0.84427388
data634.jpg,2,0.081220788
data820.jpg,2,0.267463392
data579.jpg,2,0.882752286
data392.jpg,1,0.928946021
data641.jpg,2,0.428592448
data1572.jpg,3,0.547238473
data1513.jpg,3,0.265724698
data1908.jpg,4,0.03650615
data1524.jpg,3,0.017110029
data509.jpg,2,0.082467522
data1138.jpg,0,0.637402813
data1244.jpg,0,0.883371879
data402.jpg,1,0.916367349
data1763.jpg,4,0.824000195
data452.jpg,1,0.733206812
data1078.jpg,0,0.015926946
data734.jpg,2,0.800063162
data1777.jpg,4,0.164087952
data45.jpg,1,0.440077381
data1434.jpg,0,0.563371846
data826.jpg,2,0.897468048
data212.jpg,1,0.857331133
data222.jpg,1,0.646240748
data1835.jpg,4,0.990867037
data1607.jpg,3,0.16474051
data1070.jpg,0,0.093342035
data1629.jpg,3,0.913760846
data427.jpg,1,0.362320535
data411.jpg,1,0.175599163
data1433.jpg,0,0.584791073
data1383.jpg,0,0.723193687
data1889.jpg,4,0.447746663
data28.jpg,1,0.294349768
data476.jpg,1,0.1746262
data246.jpg,1,0.129890369
data1067.jpg,0,0.013645593
data1896.jpg,4,0.785080134
data1196.jpg,0,0.882779539
data1212.jpg,0,0.217723777
data1661.jpg,3,0.055895065
data70.jpg,1,0.388022242
data921.jpg,2,0.459195888
data1689.jpg,3,0.102091828
data95.jpg,1,0.753325654
data740.jpg,2,0.386969428
data1848.jpg,4,0.470491237
data708.jpg,2,0.059300971
data1310.jpg,0,0.800150812
data409.jpg,1,0.226807802
data1254.jpg,0,0.843650341
data104.jpg,1,0.129826753
data1062.jpg,0,0.726628706
data336.jpg,1,0.988948559
data192.jpg,1,0.867746851
data558.jpg,2,0.833202471
data1009.jpg,0,0.804816813
data795.jpg,2,0.866320227
data366.jpg,1,0.423290848
data378.jpg,1,0.075989086
data550.jpg,2,0.616928841
data1450.jpg,3,0.252076075
data1366.jpg,0,0.066743785
data1534.jpg,3,0.105112315
data32.jpg,1,0.701323737
data1143.jpg,0,0.478560675
data98.jpg,1,0.755140185
data585.jpg,2,0.856060401
data1449.jpg,0,0.315978617
data668.jpg,2,0.944462319
data370.jpg,1,0.737165427
data347.jpg,1,0.064701855
data334.jpg,1,0.901994095
data1317.jpg,0,0.497417367
data733.jpg,2,0.931201525
data1045.jpg,0,0.86135648
data590.jpg,2,0.305162848
data1033.jpg,0,0.587400236
data1548.jpg,3,0.547119379
data1659.jpg,3,0.98724144
data1931.jpg,4,0.326193702
data140.jpg,1,0.816263684
data1340.jpg,0,0.003132966
data1858.jpg,4,0.233197289
data237.jpg,1,0.774553424
data1116.jpg,0,0.008930724
data1262.jpg,0,0.916911071
data1723.jpg,4,0.202986423
data1430.jpg,0,0.616670234
data760.jpg,2,0.147937497
data1090.jpg,0,0.673939268
data576.jpg,2,0.623494346
data1297.jpg,0,0.000224538
data309.jpg,1,0.08608598
data595.jpg,2,0.626253339
data1740.jpg,4,0.816111198
data832.jpg,2,0.590320604
data1165.jpg,0,0.555159119
data159.jpg,1,0.049545347
data469.jpg,1,0.342111519
data382.jpg,1,0.587970038
data406.jpg,1,0.689098828
data81.jpg,1,0.395618382
data677.jpg,2,0.512924446
data1037.jpg,0,0.222263524
data1097.jpg,0,0.796600031
data1376.jpg,0,0.472912355
data387.jpg,1,0.590224981
data1226.jpg,0,0.740538205
data1253.jpg,0,0.890237943
data66.jpg,1,0.789949556
data568.jpg,2,0.881415227
data259.jpg,1,0.210360868
data1451.jpg,3,0.356738281
data1861.jpg,4,0.308711906
data1899.jpg,4,0.315475061
data158.jpg,1,0.313441134
data472.jpg,1,0.227297178
data1520.jpg,3,0.512749865
data1656.jpg,3,0.26497996
data216.jpg,1,0.87892624
data1881.jpg,4,0.922704139
data684.jpg,2,0.601620042
data1853.jpg,4,0.850708435
data1829.jpg,4,0.017297179
data1569.jpg,3,0.699905294
data519.jpg,2,0.114564533
data1735.jpg,4,0.532848388
data83.jpg,1,0.400590778
data1601.jpg,3,0.055563365
data1101.jpg,0,0.531132667
data1872.jpg,4,0.057821241
data1162.jpg,0,0.576072428
data234.jpg,1,0.103171811
data1369.jpg,0,0.273498392
data458.jpg,1,0.245499945
data1170.jpg,0,0.116957794
data992.jpg,0,0.99676349
data1419.jpg,0,0.706814246
data351.jpg,1,0.220178587
data1417.jpg,0,0.101616118
data264.jpg,1,0.94867327
data25.jpg,1,0.156437212
data1036.jpg,0,0.696703356
data609.jpg,2,0.380441626
data482.jpg,1,0.033464171
data1595.jpg,3,0.363962144
data1066.jpg,0,0.232629532
data569.jpg,2,0.571976374
data637.jpg,2,0.992827061
data291.jpg,1,0.569308667
data1014.jpg,0,0.274807698
data845.jpg,2,0.905422501
data126.jpg,1,0.664055281
data1008.jpg,0,0.763043589
data995.jpg,0,0.209251107
data816.jpg,2,0.474906027
data251.jpg,1,0.850813628
data462.jpg,1,0.354732117
data1000.jpg,0,0.50852717
data1684.jpg,3,0.356253747
data549.jpg,2,0.664341766
data90.jpg,1,0.159758037
data900.jpg,2,0.543576298
data1476.jpg,3,0.715362977
data1464.jpg,3,0.924824671
data1871.jpg,4,0.507700873
data500.jpg,2,0.679744584
data1792.jpg,4,0.026094262
data1472.jpg,3,0.314965045
data548.jpg,2,0.976824317
data536.jpg,2,0.115633148
data1718.jpg,4,0.091621972
data1171.jpg,0,0.894450958
data1636.jpg,3,0.271544113
data437.jpg,1,0.070787541
data412.jpg,1,0.959767186
data7.jpg,1,0.618783052
data1850.jpg,4,0.456530804
data1032.jpg,0,0.131023198
data1653.jpg,3,0.963913452
data545.jpg,2,0.951661377
data1128.jpg,0,0.101006028
data1822.jpg,4,0.473441644
data754.jpg,2,0.225452802
data1907.jpg,4,0.656641192
data910.jpg,2,0.602515553
data1040.jpg,0,0.211792413
data815.jpg,2,0.839891199
data1657.jpg,3,0.360705984
data1696.jpg,3,0.36334975
data424.jpg,1,0.241977887
data44.jpg,1,0.63792635
data607.jpg,2,0.885495309
data612.jpg,2,0.029705313
data1035.jpg,0,0.349477253
data1448.jpg,0,0.143969221
data341.jpg,1,0.940022302
data751.jpg,2,0.277876408
data860.jpg,2,0.200533268
data802.jpg,2,0.87251233
data20.jpg,1,0.669954696
data102.jpg,1,0.140214057
data643.jpg,2,0.692955916
data1637.jpg,3,0.014559062
data1604.jpg,3,0.847392788
data1452.jpg,3,0.938406501
data1263.jpg,0,0.745514593
data1318.jpg,0,0.668378681
data151.jpg,1,0.99030705
data1685.jpg,3,0.591529023
data1760.jpg,4,0.46373315
data977.jpg,0,0.656456006
data1526.jpg,3,0.21878042
data358.jpg,1,0.56231862
data235.jpg,1,0.82859434
data1690.jpg,3,0.884064708
data439.jpg,1,0.813667031
data1481.jpg,3,0.293430935
data1092.jpg,0,0.24253966
data1725.jpg,4,0.307916284
data1627.jpg,3,0.076640247
data1061.jpg,0,0.785845248
data50.jpg,1,0.159855947
data1238.jpg,0,0.262857782
data1073.jpg,0,0.584565349
data353.jpg,1,0.514280703
data1163.jpg,0,0.751194365
data157.jpg,1,0.728952714
data768.jpg,2,0.407014839
data1220.jpg,0,0.650183671
data1679.jpg,3,0.402847272
data529.jpg,2,0.550727767
data1236.jpg,0,0.096111404
data1641.jpg,3,0.124479365
data1093.jpg,0,0.773545471
data610.jpg,2,0.352906187
data1536.jpg,3,0.319637366
data1687.jpg,3,0.883046393
data1080.jpg,0,0.179733833
data1157.jpg,0,0.416668196
data47.jpg,1,0.120604931
data623.jpg,2,0.490836749
data1034.jpg,0,0.903873031
data278.jpg,1,0.605369556
data638.jpg,2,0.717792715
data1920.jpg,4,0.766074307
data1599.jpg,3,0.309868777
data443.jpg,1,0.153024493
data1838.jpg,4,0.673475695
data129.jpg,1,0.049157876
data615.jpg,2,0.613825881
data1615.jpg,3,0.377768874
data1468.jpg,3,0.357849336
data912.jpg,2,0.032580467
data1809.jpg,4,0.503966625
data878.jpg,2,0.468653341
data781.jpg,2,0.66786538
data1828.jpg,4,0.206697577
data1949.jpg,4,0.05520839
data1890.jpg,4,0.467038336
data1626.jpg,3,0.637540366
data749.jpg,2,0.783805571
data1765.jpg,4,0.922542741
data1717.jpg,4,0.744095289
data1502.jpg,3,0.422589527
data1221.jpg,0,0.275791471
data1273.jpg,0,0.021411919
data183.jpg,1,0.232592391
data935.jpg,2,0.782456973
data1389.jpg,0,0.400383984
data1900.jpg,4,0.326702749
data1515.jpg,3,0.466722174
data706.jpg,2,0.448780092
data837.jpg,2,0.500751373
data414.jpg,1,0.001476534
data1783.jpg,4,0.851532473
data384.jpg,1,0.153174818
data428.jpg,1,0.545130841
data311.jpg,1,0.776538722
data1096.jpg,0,0.662460036
data1620.jpg,3,0.397381119
data1003.jpg,0,0.940605229
data1404.jpg,0,0.930088668
data861.jpg,2,0.008697028
data981.jpg,0,0.807314184
data465.jpg,1,0.826363901
data1917.jpg,4,0.98539928
data422.jpg,1,0.467637085
data1855.jpg,4,0.814113599
data1356.jpg,0,0.811089408
data130.jpg,1,0.037792302
data289.jpg,1,0.077821072
data1846.jpg,4,0.64391901
data554.jpg,2,0.298077988
data153.jpg,1,0.278481272
data1733.jpg,4,0.976729463
data553.jpg,2,0.818828511
data1485.jpg,3,0.69686866
data279.jpg,1,0.38832815
data1776.jpg,4,0.53506554
data1444.jpg,0,0.603539986
data1031.jpg,0,0.561980331
data1613.jpg,3,0.235321959
data693.jpg,2,0.924707271
data400.jpg,1,0.856718581
data1766.jpg,4,0.905454023
data371.jpg,1,0.634707132
data1565.jpg,3,0.041232315
data338.jpg,1,0.357975963
data1711.jpg,4,0.719853931
data161.jpg,1,0.204307482
data16.jpg,1,0.559001655
data823.jpg,2,0.574745044
data389.jpg,1,0.978986976
data1020.jpg,0,0.153201136
data487.jpg,2,0.927523767
data873.jpg,2,0.054752825
data1512.jpg,3,0.923835605
data796.jpg,2,0.6411908
data1015.jpg,0,0.334862582
data87.jpg,1,0.358338677
data915.jpg,2,0.3861676
data1192.jpg,0,0.213923251
data1058.jpg,0,0.02982644
data619.jpg,2,0.337274584
data1246.jpg,0,0.400584609
data363.jpg,1,0.3822325
data683.jpg,2,0.25598396
data786.jpg,2,0.942809913
data221.jpg,1,0.443926841
data1155.jpg,0,0.806118363
data1091.jpg,0,0.222735134
data1751.jpg,4,0.262775841
data1798.jpg,4,0.521523695
data364.jpg,1,0.237588882
data250.jpg,1,0.524342525
data1609.jpg,3,0.530232136
data594.jpg,2,0.499754781
data1320.jpg,0,0.663404888
data1475.jpg,3,0.576166022
data112.jpg,1,0.145453684
data1364.jpg,0,0.689230133
data844.jpg,2,0.207230335
data741.jpg,2,0.649768054
data1016.jpg,0,0.259440723
data753.jpg,2,0.749154131
data984.jpg,0,0.926041777
data872.jpg,2,0.79076282
data919.jpg,2,0.391765439
data1342.jpg,0,0.222046266
data1374.jpg,0,0.437448566
data1182.jpg,0,0.817136111
data819.jpg,2,0.404798035
data773.jpg,2,0.638092708
data920.jpg,2,0.224983163
data386.jpg,1,0.566047438
data1234.jpg,0,0.490731381
data1181.jpg,0,0.673885284
data1156.jpg,0,0.661537166
data1272.jpg,0,0.266191916
data420.jpg,1,0.860898092
data1915.jpg,4,0.347442232
data1521.jpg,3,0.875505226
data1477.jpg,3,0.993785699
data1112.jpg,0,0.601244793
data100.jpg,1,0.249511369
data4.jpg,1,0.296273164
data1929.jpg,4,0.839814346
data1048.jpg,0,0.176267687
data664.jpg,2,0.937290421
data1544.jpg,3,0.168007518
data57.jpg,1,0.574947825
data659.jpg,2,0.828278869
data350.jpg,1,0.71740077
data665.jpg,2,0.523616462
data843.jpg,2,0.353900201
data453.jpg,1,0.922475775
data1669.jpg,3,0.692327381
data1177.jpg,0,0.371698006
data1287.jpg,0,0.320855173
data1582.jpg,3,0.942995213
data447.jpg,1,0.561608628
data1414.jpg,0,0.013129964
data41.jpg,1,0.063512464
data31.jpg,1,0.357577443
data1860.jpg,4,0.819292387
data1332.jpg,0,0.658963481
data979.jpg,0,0.647900621
data1895.jpg,4,0.793623741
data51.jpg,1,0.12477754
data1282.jpg,0,0.945195286
data1121.jpg,0,0.695348899
data632.jpg,2,0.890199263
data825.jpg,2,0.480886584
data807.jpg,2,0.325264888
data502.jpg,2,0.722180996
data1455.jpg,3,0.653636131
data1581.jpg,3,0.291817582
data15.jpg,1,0.110021404
data1697.jpg,3,0.156127026
data238.jpg,1,0.308909653
data139.jpg,1,0.509010152
data1787.jpg,4,0.265669255
data557.jpg,2,0.82077795
data561.jpg,2,0.661848809
data1579.jpg,3,0.911697148
data543.jpg,2,0.234865446
data1030.jpg,0,0.625169809
data426.jpg,1,0.921932044
data120.jpg,1,0.694065388
data662.jpg,2,0.161985628
data1184.jpg,0,0.798668264
data440.jpg,1,0.240294873
data394.jpg,1,0.425258402
data270.jpg,1,0.934326788
data1443.jpg,0,0.3617732
data127.jpg,1,0.481521752
data1125.jpg,0,0.600290113
data1288.jpg,0,0.277555693
data1102.jpg,0,0.476143774
data1384.jpg,0,0.162979722
data1319.jpg,0,0.646154006
data849.jpg,2,0.26134082
data588.jpg,2,0.502631702
data513.jpg,2,0.027848838
data626.jpg,2,0.380233327
data850.jpg,2,0.670294036
data478.jpg,1,0.578021843
data266.jpg,1,0.338278298
data613.jpg,2,0.327359634
data1006.jpg,0,0.103926
data1713.jpg,4,0.728361156
data1147.jpg,0,0.427157671
data1106.jpg,0,0.451663715
data1465.jpg,3,0.903657587
data1695.jpg,3,0.615617821
data413.jpg,1,0.026597293
data165.jpg,1,0.426801446
data1445.jpg,0,0.89640116
data1343.jpg,0,0.096247325
data726.jpg,2,0.731985303
data1946.jpg,4,0.093422939
data381.jpg,1,0.786341952
data415.jpg,1,0.191820973
data13.jpg,1,0.832635352
data1625.jpg,3,0.314780061
data1336.jpg,0,0.603250569
data866.jpg,2,0.002880138
data1405.jpg,0,0.280761521
data423.jpg,1,0.597117509
data1553.jpg,3,0.399080631
data242.jpg,1,0.707106653
data1361.jpg,0,0.050698087
data789.jpg,2,0.571112745
data89.jpg,1,0.120853198
data660.jpg,2,0.923164136
data982.jpg,0,0.087847191
data857.jpg,2,0.783722869
data598.jpg,2,0.317590395
data1596.jpg,3,0.531792244
data712.jpg,2,0.65185001
data640.jpg,2,0.231372716
data790.jpg,2,0.581871779
data1742.jpg,4,0.652049812
data369.jpg,1,0.394235075
data149.jpg,1,0.541607482
data1175.jpg,0,0.315692916
data1257.jpg,0,0.092389387
data714.jpg,2,0.728000601
data1522.jpg,3,0.551889
data1874.jpg,4,0.334023312
data1049.jpg,0,0.360037196
data1283.jpg,0,0.618073276
data63.jpg,1,0.493726359
data1026.jpg,0,0.025831079
data661.jpg,2,0.51079609
data1666.jpg,3,0.910000615
data1010.jpg,0,0.41747957
data17.jpg,1,0.072694158
data853.jpg,2,0.841043787
data284.jpg,1,0.313557912
data1217.jpg,0,0.677818123
data507.jpg,2,0.635250856
data1527.jpg,3,0.391661416
data894.jpg,2,0.387459997
data1194.jpg,0,0.066484889
data1429.jpg,0,0.862370788
data925.jpg,2,0.740895719
data1265.jpg,0,0.729275552
data625.jpg,2,0.410482403
data396.jpg,1,0.65209874
data1810.jpg,4,0.263209977
data142.jpg,1,0.444458336
data388.jpg,1,0.797136381
data653.jpg,2,0.212812529
data601.jpg,2,0.386627864
data208.jpg,1,0.059702974
data1202.jpg,0,0.396021776
data1870.jpg,4,0.752643348
data1281.jpg,0,0.100868302
data275.jpg,1,0.129871901
data1050.jpg,0,0.024797411
data1249.jpg,0,0.541608449
data656.jpg,2,0.509030258
data1823.jpg,4,0.830017754
data1878.jpg,4,0.557272263
data1912.jpg,4,0.873422241
data1539.jpg,3,0.603521908
data1402.jpg,0,0.992238522
data1493.jpg,3,0.592498145
data527.jpg,2,0.188839053
data1675.jpg,3,0.308259238
data1072.jpg,0,0.647914663
data1862.jpg,4,0.854720197
data1410.jpg,0,0.568875608
data467.jpg,1,0.887390929
data1619.jpg,3,0.702484201
data1505.jpg,3,0.66184723
data755.jpg,2,0.295293605
data967.jpg,0,0.481506429
data1821.jpg,4,0.249710858
data587.jpg,2,0.936560223
data1749.jpg,4,0.098523667
data1327.jpg,0,0.440393722
data1906.jpg,4,0.371742306
data1274.jpg,0,0.955067724
data271.jpg,1,0.199064219
data950.jpg,2,0.142154783
data1866.jpg,4,0.569787409
data563.jpg,2,0.123036017
data1396.jpg,0,0.97212888
data1782.jpg,4,0.628794604
data1594.jpg,3,0.486757326
data2.jpg,1,0.331971623
data1341.jpg,0,0.746621865
data1413.jpg,0,0.979383205
data1205.jpg,0,0.492394759
data1440.jpg,0,0.135357855
data581.jpg,2,0.00183538
data175.jpg,1,0.012362011
data327.jpg,1,0.460959653
data801.jpg,2,0.655302496
data280.jpg,1,0.114708004
data972.jpg,0,0.806696557
data454.jpg,1,0.097925235
data236.jpg,1,0.783453463
data1365.jpg,0,0.943864759
data1588.jpg,3,0.969487011
data511.jpg,2,0.690649138
data273.jpg,1,0.228836413
data1869.jpg,4,0.707070105
data1438.jpg,0,0.421960582
data828.jpg,2,0.710119357
data160.jpg,1,0.489054198
data473.jpg,1,0.201987105
data1012.jpg,0,0.202401851
data496.jpg,2,0.101108957
data1550.jpg,3,0.207649953
data71.jpg,1,0.789749568
data968.jpg,0,0.770287806
data1670.jpg,3,0.893755331
data418.jpg,1,0.610339741
data263.jpg,1,0.447406048
data1466.jpg,3,0.661739881
data614.jpg,2,0.534529084
data1054.jpg,0,0.342058501
data1437.jpg,0,0.666761311
data1235.jpg,0,0.071495151
data515.jpg,2,0.814609741
data1381.jpg,0,0.726649931
data495.jpg,2,0.889919533
data1322.jpg,0,0.165220638
data1940.jpg,4,0.429078886
data76.jpg,1,0.743993058
data974.jpg,0,0.257852732
data380.jpg,1,0.886927874
data429.jpg,1,0.237034855
data325.jpg,1,0.286989218
data1391.jpg,0,0.557430834
data851.jpg,2,0.931811918
data600.jpg,2,0.532663856
data434.jpg,1,0.753307756
data395.jpg,1,0.110708211
data1145.jpg,0,0.574641592
data1921.jpg,4,0.690234376
data141.jpg,1,0.692449779
data685.jpg,2,0.340132821
data1643.jpg,3,0.873461267
data1052.jpg,0,0.837435402
data1242.jpg,0,0.75739093
data1416.jpg,0,0.219907905
data1071.jpg,0,0.097258515
data1222.jpg,0,0.231439357
data88.jpg,1,0.49334337
data1832.jpg,4,0.478899063
data220.jpg,1,0.439531712
data1169.jpg,0,0.152732578
data197.jpg,1,0.495775302
data56.jpg,1,0.066330381
data200.jpg,1,0.70873298
data1081.jpg,0,0.491579713
data1847.jpg,4,0.534438895
data34.jpg,1,0.332795171
data888.jpg,2,0.844700366
data1119.jpg,0,0.870869787
data926.jpg,2,0.125469411
data451.jpg,1,0.240348642
data1276.jpg,0,0.289406363
data1761.jpg,4,0.592395699
data499.jpg,2,0.450065087
data1642.jpg,3,0.097504076
data621.jpg,2,0.11038671
data886.jpg,2,0.957301407
data1189.jpg,0,0.037920836
data917.jpg,2,0.686812623
data1936.jpg,4,0.457906471
data1338.jpg,0,0.739332661
data671.jpg,2,0.133446581
data575.jpg,2,0.447619233
data1188.jpg,0,0.498620377
data1614.jpg,3,0.626274765
data1237.jpg,0,0.026707054
data255.jpg,1,0.464998553
data1479.jpg,3,0.876882868
data691.jpg,2,0.721716751
data945.jpg,2,0.115350412
data988.jpg,0,0.96184131
data681.jpg,2,0.253210689
data1545.jpg,3,0.382877316
data904.jpg,2,0.381458731
data1529.jpg,3,0.57416731
data211.jpg,1,0.927186672
data1215.jpg,0,0.402889354
data505.jpg,2,0.377213236
data1942.jpg,4,0.196028129
data1150.jpg,0,0.063297903
data1380.jpg,0,0.324522805
data1415.jpg,0,0.246935106
data1781.jpg,4,0.601219122
data906.jpg,2,0.053748309
data79.jpg,1,0.176964994
data705.jpg,2,0.647578141
data928.jpg,2,0.81429709
data1754.jpg,4,0.427860764
data1309.jpg,0,0.10294283
data1935.jpg,4,0.515237058
data1709.jpg,4,0.0106591
data1315.jpg,0,0.284502662
data1876.jpg,4,0.226725787
data715.jpg,2,0.59439552
data973.jpg,0,0.71950827
data1330.jpg,0,0.035969269
data195.jpg,1,0.740311622
data1063.jpg,0,0.284988991
data1213.jpg,0,0.963131386
data1007.jpg,0,0.104064034
data207.jpg,1,0.167921943
data1632.jpg,3,0.653961394
data172.jpg,1,0.277362639
data178.jpg,1,0.898507202
data864.jpg,2,0.295140895
data1903.jpg,4,0.696810308
data1884.jpg,4,0.101303605
data1775.jpg,4,0.7273308
data1577.jpg,3,0.184933941
data6.jpg,1,0.234349737
data1180.jpg,0,0.203833753
data530.jpg,2,0.096397427
data265.jpg,1,0.975595975
data9.jpg,1,0.379853971
data838.jpg,2,0.063023723
data916.jpg,2,0.814137366
data1705.jpg,4,0.662730385
data1680.jpg,3,0.662172706
data1267.jpg,0,0.789819602
data163.jpg,1,0.459894438
data1952.jpg,4,0.471056674
data756.jpg,2,0.607613568
data317.jpg,1,0.371254195
data546.jpg,2,0.194352542
data897.jpg,2,0.609165267
data1549.jpg,3,0.679951485
data1941.jpg,4,0.560726296
data267.jpg,1,0.534387959
data1225.jpg,0,0.019766129
data1400.jpg,0,0.217285384
data1610.jpg,3,0.394738171
data128.jpg,1,0.271265588
data1334.jpg,0,0.381303204
data692.jpg,2,0.731707936
data577.jpg,2,0.714570003
data560.jpg,2,0.201835853
data1255.jpg,0,0.974938291
data876.jpg,2,0.923220393
data1441.jpg,0,0.688084259
data491.jpg,2,0.969872046
data1140.jpg,0,0.915623523
data1190.jpg,0,0.065876084
data1453.jpg,3,0.928177677
data628.jpg,2,0.340315211
data146.jpg,1,0.548372538
data1671.jpg,3,0.064430301
data1326.jpg,0,0.614815278
data805.jpg,2,0.677646121
data1914.jpg,4,0.715469549
data1852.jpg,4,0.132928348
data1301.jpg,0,0.502165326
data770.jpg,2,0.167493884
data1011.jpg,0,0.106104362
data1104.jpg,0,0.556351006
data649.jpg,2,0.765470714
data110.jpg,1,0.354638796
data181.jpg,1,0.70614942
data1841.jpg,4,0.450920699
data996.jpg,0,0.751352869
data301.jpg,1,0.97851046
data342.jpg,1,0.834119659
data1158.jpg,0,0.030590691
data1566.jpg,3,0.215329492
data340.jpg,1,0.302875762
data1038.jpg,0,0.677411754
data1352.jpg,0,0.503642723
data1260.jpg,0,0.169882934
data742.jpg,2,0.322561336
data274.jpg,1,0.895301557
data1813.jpg,4,0.002736471
data848.jpg,2,0.389403025
data1432.jpg,0,0.042662948
data1886.jpg,4,0.794579415
data1388.jpg,0,0.776982403
data494.jpg,2,0.31777479
data1133.jpg,0,0.395083326
data99.jpg,1,0.711005004
data1538.jpg,3,0.840056111
data344.jpg,1,0.50807717
data186.jpg,1,0.072703517
data889.jpg,2,0.576764841
data1645.jpg,3,0.253328708
data1686.jpg,3,0.443028637
data782.jpg,2,0.067594828
data225.jpg,1,0.476011452
data1571.jpg,3,0.315054732
data339.jpg,1,0.004506157
data1259.jpg,0,0.292665857
data1772.jpg,4,0.705643254
data1250.jpg,0,0.923689168
data348.jpg,1,0.526734163
data1019.jpg,0,0.741235161
data1510.jpg,3,0.142352569
data1228.jpg,0,0.11466689
data1938.jpg,4,0.461050356
data354.jpg,1,0.673322626
data892.jpg,2,0.68490739
data1673.jpg,3,0.413113881
data723.jpg,2,0.530298674
data1928.jpg,4,0.773257317
data1947.jpg,4,0.304235542
data1345.jpg,0,0.858442673
data1183.jpg,0,0.333908815
data1557.jpg,3,0.123642243
data116.jpg,1,0.303434232
data1478.jpg,3,0.701486704
data1780.jpg,4,0.874235881
data1087.jpg,0,0.262306812
data1039.jpg,0,0.378317484
data1880.jpg,4,0.253273028
data226.jpg,1,0.465579857
data372.jpg,1,0.751863652
data1206.jpg,0,0.448140655
data349.jpg,1,0.289595965
data763.jpg,2,0.383990388
data455.jpg,1,0.593073656
data1602.jpg,3,0.530233128
data676.jpg,2,0.992819761
data92.jpg,1,0.136200066
data783.jpg,2,0.824314785
data622.jpg,2,0.19935092
data1154.jpg,0,0.023152039
data52.jpg,1,0.756759713
data1139.jpg,0,0.530690347
data1698.jpg,3,0.039723689
data1069.jpg,0,0.15732325
data1223.jpg,0,0.752888907
data1017.jpg,0,0.610953236
data73.jpg,1,0.565985308
data533.jpg,2,0.907964794
data1134.jpg,0,0.085380783
data1060.jpg,0,0.945313811
data1427.jpg,0,0.103083554
data1624.jpg,3,0.20039977
data1074.jpg,0,0.807079493
data131.jpg,1,0.62942866
data417.jpg,1,0.318018509
data762.jpg,2,0.359044303
data794.jpg,2,0.705076845
data672.jpg,2,0.477138753
data391.jpg,1,0.798192613
data647.jpg,2,0.749108097
data288.jpg,1,0.863680336
data1239.jpg,0,0.794463885
data287.jpg,1,0.583389484
data633.jpg,2,0.413954789
data1306.jpg,0,0.077021187
data277.jpg,1,0.86863351
data1458.jpg,3,0.080374572
data383.jpg,1,0.967646118
data1731.jpg,4,0.149907717
data1945.jpg,4,0.213920254
data1688.jpg,3,0.236365161
data421.jpg,1,0.485080581
data933.jpg,2,0.309982878
data1796.jpg,4,0.958648257
data1729.jpg,4,0.314691039
data448.jpg,1,0.478854443
data239.jpg,1,0.670017931
data1316.jpg,0,0.974714011
data627.jpg,2,0.417392251
data1360.jpg,0,0.349774391
data1839.jpg,4,0.462208989
data1791.jpg,4,0.17989173
data964.jpg,2,0.749114137
data362.jpg,1,0.497658407
data170.jpg,1,0.960795382
data1002.jpg,0,0.882877897
data119.jpg,1,0.436013217
data1587.jpg,3,0.465195306
data879.jpg,2,0.195496168
data446.jpg,1,0.218155813
data1892.jpg,4,0.071055744
data479.jpg,1,0.515136272
data985.jpg,0,0.190650673
data498.jpg,2,0.880350079
data1573.jpg,3,0.446973736
data1168.jpg,0,0.164754034
data642.jpg,2,0.885700548
data435.jpg,1,0.134600597
data1278.jpg,0,0.500741989
data1758.jpg,4,0.934896609
data1811.jpg,4,0.509347323
data113.jpg,1,0.196726088
data1241.jpg,0,0.822164884
data1918.jpg,4,0.167578067
data224.jpg,1,0.12619784
data810.jpg,2,0.640432919
data33.jpg,1,0.938276058
data1385.jpg,0,0.556998359
data480.jpg,1,0.679008786
data1925.jpg,4,0.8898321
data229.jpg,1,0.827250192
data145.jpg,1,0.251469341
data1622.jpg,3,0.399785231
data1386.jpg,0,0.170520463
data1362.jpg,0,0.633712364
data748.jpg,2,0.589390515
data758.jpg,2,0.845000884
data1934.jpg,4,0.953131191
data1867.jpg,4,0.047799219
data93.jpg,1,0.991106467
data1483.jpg,3,0.252940926
data156.jpg,1,0.068246211
data150.jpg,1,0.425316451
data702.jpg,2,0.946529709
data393.jpg,1,0.4415797
data1518.jpg,3,0.779445622
data1676.jpg,3,0.171679383
data559.jpg,2,0.796423845
data193.jpg,1,0.587656599
data497.jpg,2,0.97795254
data1258.jpg,0,0.696358252
data416.jpg,1,0.624588178
data1633.jpg,3,0.772781025
data1762.jpg,4,0.065965662
data720.jpg,2,0.595157468
data1598.jpg,3,0.313284593
data1738.jpg,4,0.874062854
data1494.jpg,3,0.657369942
data1457.jpg,3,0.843933324
data282.jpg,1,0.303624172
data1950.jpg,4,0.524241743
data1124.jpg,0,0.593369205
data1299.jpg,0,0.843998721
data1057.jpg,0,0.285190605
data1307.jpg,0,0.609414931
data1144.jpg,0,0.247404804
data1597.jpg,3,0.859922661
data840.jpg,2,0.191561392
data821.jpg,2,0.307178455
data1110.jpg,0,0.120337579
data204.jpg,1,0.260751283
data69.jpg,1,0.732897856
data1407.jpg,0,0.249409665
data1902.jpg,4,0.414838038
data1654.jpg,3,0.275228851
data1499.jpg,3,0.504782808
data722.jpg,2,0.04376975
data881.jpg,2,0.082653206
data1490.jpg,3,0.668743098
data1662.jpg,3,0.230829992
data1474.jpg,3,0.056580987
data580.jpg,2,0.489680727
data966.jpg,2,0.091412565
data1901.jpg,4,0.418410973
data1123.jpg,0,0.669022988
data38.jpg,1,0.245870953
data1665.jpg,3,0.569485451
data1406.jpg,0,0.145374644
data835.jpg,2,0.115367303
data1351.jpg,0,0.811354407
data673.jpg,2,0.327488734
data1056.jpg,0,0.271558011
data970.jpg,0,0.176604827
data144.jpg,1,0.059738928
data1806.jpg,4,0.470349806
data1379.jpg,0,0.617524034
data1312.jpg,0,0.642416346
data932.jpg,2,0.980066883
data689.jpg,2,0.655252118
data1484.jpg,3,0.632238583
data700.jpg,2,0.939045286
data1240.jpg,0,0.557215878
data307.jpg,1,0.438444848
data1802.jpg,4,0.072953372
data1209.jpg,0,0.532924803
data1759.jpg,4,0.31866977
data1176.jpg,0,0.889412284
data657.jpg,2,0.762318278
data997.jpg,0,0.916386706
data268.jpg,1,0.008605004
data1893.jpg,4,0.09152485
data1496.jpg,3,0.22386027
data606.jpg,2,0.072603202
data1418.jpg,0,0.538762999
data244.jpg,1,0.057556762
data1820.jpg,4,0.387468869
data114.jpg,1,0.454054963
data1357.jpg,0,0.978160305
data1329.jpg,0,0.764942411
data506.jpg,2,0.700614212
data352.jpg,1,0.776386014
data1471.jpg,3,0.188300222
data1230.jpg,0,0.835451722
data570.jpg,2,0.262009404
data875.jpg,2,0.48046172
data122.jpg,1,0.428443737
data1623.jpg,3,0.910321328
data516.jpg,2,0.783430262
data862.jpg,2,0.604619577
data1825.jpg,4,0.652848914
data1856.jpg,4,0.924606448
data233.jpg,1,0.501647848
data1523.jpg,3,0.186992901
data3.jpg,1,0.756818745
data408.jpg,1,0.55631687
data953.jpg,2,0.08437729
data407.jpg,1,0.730338925
data1164.jpg,0,0.874213065
data701.jpg,2,0.961325339
data1939.jpg,4,0.280531189
data162.jpg,1,0.958047915
data869.jpg,2,0.497682614
data1728.jpg,4,0.220360903
data91.jpg,1,0.939146412
data125.jpg,1,0.377341011
data817.jpg,2,0.172085664
data1616.jpg,3,0.053402755
data1251.jpg,0,0.244671396
data1323.jpg,0,0.833400299
data29.jpg,1,0.136735842
data1420.jpg,0,0.045380324
data1567.jpg,3,0.609720933
data152.jpg,1,0.901108041
data1311.jpg,0,0.651255519
data228.jpg,1,0.639035042
data629.jpg,2,0.421160839
data1187.jpg,0,0.436286086
data441.jpg,1,0.280291514
data1028.jpg,0,0.766118338
data379.jpg,1,0.328737991
data438.jpg,1,0.500268113
data713.jpg,2,0.37984212
data377.jpg,1,0.545966944
data1818.jpg,4,0.349716377
data1716.jpg,4,0.987960248
data188.jpg,1,0.146791404
data1542.jpg,3,0.788169252
data583.jpg,2,0.168563217
data938.jpg,2,0.626106004
data1208.jpg,0,0.893566675
data174.jpg,1,0.360458229
data305.jpg,1,0.826371498
data863.jpg,2,0.449735776
data1702.jpg,4,0.568285938
data1027.jpg,0,0.282818889
data1423.jpg,0,0.706404873
data46.jpg,1,0.825469528
data814.jpg,2,0.847768346
data1269.jpg,0,0.28579529
data874.jpg,2,0.377429089
data1703.jpg,4,0.481603121
data636.jpg,2,0.729158707
data911.jpg,2,0.99113891
data1516.jpg,3,0.957110297
data1149.jpg,0,0.999123958
data1532.jpg,3,0.788406921
data1218.jpg,0,0.984549956
data1845.jpg,4,0.501927254
data1631.jpg,3,0.569683056
data1927.jpg,4,0.528168381
data772.jpg,2,0.952933506
data1077.jpg,0,0.813313871
data210.jpg,1,0.649711352
data905.jpg,2,0.644430173
data521.jpg,2,0.788431672
data117.jpg,1,0.530167109
data582.jpg,2,0.813689552
data1891.jpg,4,0.708150633
data525.jpg,2,0.993269589
data947.jpg,2,0.550257318
data1095.jpg,0,0.183694774
data1346.jpg,0,0.12825918
data1943.jpg,4,0.155200759
data1470.jpg,3,0.718226299
data746.jpg,2,0.560519581
data456.jpg,1,0.804676119
data1898.jpg,4,0.648219272
data1029.jpg,0,0.25811124
data791.jpg,2,0.523865168
data547.jpg,2,0.557396111
data1178.jpg,0,0.082554059
data989.jpg,0,0.531345579
data1350.jpg,0,0.933571643
data1885.jpg,4,0.736570219
data404.jpg,1,0.39920102
data565.jpg,2,0.596486197
data1293.jpg,0,0.34826251
data948.jpg,2,0.240165308
data1064.jpg,0,0.368354567
data295.jpg,1,0.398845008
data887.jpg,2,0.949049039
data1394.jpg,0,0.781972403
data1107.jpg,0,0.81037776
data77.jpg,1,0.668403575
data35.jpg,1,0.418681707
data1.jpg,1,0.241175112
data1865.jpg,4,0.42499194
data1712.jpg,4,0.769218987
data721.jpg,2,0.04661036
data1375.jpg,0,0.895647947
data1808.jpg,4,0.915202652
data893.jpg,2,0.798781099
data624.jpg,2,0.015382446
data1904.jpg,4,0.495933201
data1503.jpg,3,0.319134198
data1279.jpg,0,0.646972227
data1173.jpg,0,0.966043551
data680.jpg,2,0.752489929
data397.jpg,1,0.641630774
data971.jpg,0,0.831750588
data1252.jpg,0,0.455559475
data1842.jpg,4,0.104500277
data118.jpg,1,0.734395726
data1771.jpg,4,0.443911943
data1088.jpg,0,0.769099629
data517.jpg,2,0.820246944
data1547.jpg,3,0.280359231
data1621.jpg,3,0.446663332
data584.jpg,2,0.136679693
data776.jpg,2,0.419520382
data486.jpg,2,0.27764385
data219.jpg,1,0.260678237
data304.jpg,1,0.403742645
data785.jpg,2,0.607520056
data965.jpg,2,0.493318567
data859.jpg,2,0.660563263
data1514.jpg,3,0.056366326
data1800.jpg,4,0.087404417
data1412.jpg,0,0.544397375
data1575.jpg,3,0.011977655
data213.jpg,1,0.882857365
data202.jpg,1,0.884582449
data1745.jpg,4,0.970219289
data1103.jpg,0,0.585666316
data639.jpg,2,0.911745598
data84.jpg,1,0.354283751
data324.jpg,1,0.085867752
data617.jpg,2,0.667368002
data1727.jpg,4,0.234612458
data184.jpg,1,0.883029896
data97.jpg,1,0.764803315
data1748.jpg,4,0.592350893
data1435.jpg,0,0.694369763
data709.jpg,2,0.17936645
data745.jpg,2,0.670498049
data767.jpg,2,0.266020729
data1292.jpg,0,0.649019399
data631.jpg,2,0.176964779
data784.jpg,2,0.784461921
data1487.jpg,3,0.977501679
data1100.jpg,0,0.105822424
data115.jpg,1,0.736560711
data731.jpg,2,0.177547155
data1555.jpg,3,0.586012625
data1563.jpg,3,0.789696985
data779.jpg,2,0.92711216
data247.jpg,1,0.484306668
data1198.jpg,0,0.606246849
data1442.jpg,0,0.975700314
data1398.jpg,0,0.694281946
data1266.jpg,0,0.491931734
data294.jpg,1,0.973821529
data1013.jpg,0,0.712885623
data314.jpg,1,0.773945882
data682.jpg,2,0.759384933
data302.jpg,1,0.578880667
data1826.jpg,4,0.267974224
data855.jpg,2,0.731985054
data944.jpg,2,0.994455908
data475.jpg,1,0.098830792
data1285.jpg,0,0.51749217
data856.jpg,2,0.085699457
data1789.jpg,4,0.356894592
data286.jpg,1,0.723171751
data1854.jpg,4,0.916548433
data571.jpg,2,0.08074284
data283.jpg,1,0.615758241
data918.jpg,2,0.22535134
data155.jpg,1,0.736133808
data177.jpg,1,0.057182092
data542.jpg,2,0.05613388
data191.jpg,1,0.188171296
data1769.jpg,4,0.238683663
data1270.jpg,0,0.920382068
data1879.jpg,4,0.631775338
data190.jpg,1,0.480705475
data1480.jpg,3,0.662301631
data124.jpg,1,0.717956111
data1354.jpg,0,0.395732283
data345.jpg,1,0.742485967
data457.jpg,1,0.483747277
data1075.jpg,0,0.333227096
data1051.jpg,0,0.8372264
data1482.jpg,3,0.971215502
data321.jpg,1,0.009439583
data824.jpg,2,0.167322302
data788.jpg,2,0.948228731
data1678.jpg,3,0.490376983
data26.jpg,1,0.161566476
data1605.jpg,3,0.968505162
data223.jpg,1,0.820640678
data670.jpg,2,0.356380094
data1291.jpg,0,0.526205517
data1888.jpg,4,0.465835145
data290.jpg,1,0.877565081
data48.jpg,1,0.928271394
data1497.jpg,3,0.700683078
data959.jpg,2,0.206286437
data1849.jpg,4,0.557726755
data1280.jpg,0,0.9577728
data1574.jpg,3,0.634639379
data1401.jpg,0,0.104183324
data1248.jpg,0,0.29223933
data1456.jpg,3,0.474955281
data811.jpg,2,0.643793453
data694.jpg,2,0.825024311
data1426.jpg,0,0.848193597
data1127.jpg,0,0.364095562
data1300.jpg,0,0.016756525
data1264.jpg,0,0.96188774
data1905.jpg,4,0.702882367
data316.jpg,1,0.096143343
data61.jpg,1,0.27493564
data1108.jpg,0,0.706406123
data567.jpg,2,0.17602702
data1232.jpg,0,0.640663019
data696.jpg,2,0.320958439
data23.jpg,1,0.074693317
data1130.jpg,0,0.384785518
data704.jpg,2,0.979153872
data654.jpg,2,0.532242559
data1682.jpg,3,0.63780533
data1558.jpg,3,0.067802572
data913.jpg,2,0.761099866
data432.jpg,1,0.378004246
data40.jpg,1,0.211022057
data198.jpg,1,0.025606703
data652.jpg,2,0.639760047
data969.jpg,0,0.304412333
data1397.jpg,0,0.08737861
data463.jpg,1,0.873367477
data405.jpg,1,0.528690721
data433.jpg,1,0.118888534
data1519.jpg,3,0.855865794
data963.jpg,2,0.912610534
data111.jpg,1,0.170623524
data1403.jpg,0,0.696629536
data484.jpg,2,0.053012972
data1344.jpg,0,0.754112598
data1801.jpg,4,0.98653281
data737.jpg,2,0.446846118
data232.jpg,1,0.517808746
data1551.jpg,3,0.670652079
data1814.jpg,4,0.097286134
data618.jpg,2,0.482193435
data986.jpg,0,0.921716428
data1710.jpg,4,0.753824505
data1611.jpg,3,0.452257294
data1827.jpg,4,0.626868404
data1704.jpg,4,0.209692866
data1559.jpg,3,0.410723164
data1883.jpg,4,0.617885675
data1207.jpg,0,0.188922054
data296.jpg,1,0.358318784
data106.jpg,1,0.317508266
data355.jpg,1,0.318948587
data655.jpg,2,0.495052945
data695.jpg,2,0.766285658
data138.jpg,1,0.692156001
data1815.jpg,4,0.622929351
data74.jpg,1,0.430346348
data1541.jpg,3,0.824418973
data907.jpg,2,0.216339292
data1492.jpg,3,0.727040617
data281.jpg,1,0.490300978
data390.jpg,1,0.69551106
data313.jpg,1,0.048042313
data1488.jpg,3,0.875527323
data148.jpg,1,0.56320279
data1294.jpg,0,0.492801685
data1467.jpg,3,0.432268131
data10.jpg,1,0.702484274
data646.jpg,2,0.063351205
data922.jpg,2,0.943420511
data574.jpg,2,0.113627334
data1795.jpg,4,0.601854821
data1651.jpg,3,0.750213113
data1707.jpg,4,0.401047474
data490.jpg,2,0.611358276
data1664.jpg,3,0.617466273
data716.jpg,2,0.520949758
data1897.jpg,4,0.398478859
data215.jpg,1,0.2672625
data1804.jpg,4,0.485342112
data586.jpg,2,0.104959433
data1141.jpg,0,0.346149767
data909.jpg,2,0.482421247
data1747.jpg,4,0.472054025
data1261.jpg,0,0.77493895
data1439.jpg,0,0.267150958
data1692.jpg,3,0.754219802
data593.jpg,2,0.294807319
data1046.jpg,0,0.058827501
data176.jpg,1,0.045072552
data19.jpg,1,0.406242365
data360.jpg,1,0.918469107
data134.jpg,1,0.727276095
data620.jpg,2,0.607810065
data1507.jpg,3,0.573432292
data962.jpg,2,0.414974121
data1160.jpg,0,0.55518172
data1424.jpg,0,0.051845279
data1151.jpg,0,0.748062064
data1648.jpg,3,0.896057188
data306.jpg,1,0.062414516
data752.jpg,2,0.975423641
data1834.jpg,4,0.161093363
data293.jpg,1,0.149431322
data956.jpg,2,0.105332883
data1501.jpg,3,0.102519616
data1691.jpg,3,0.188770805
data1930.jpg,4,0.855574992
data5.jpg,1,0.930548416
data1922.jpg,4,0.665333227
data187.jpg,1,0.484279089
data884.jpg,2,0.937708195
data833.jpg,2,0.087786161
data449.jpg,1,0.406821857
data1245.jpg,0,0.154022422
data931.jpg,2,0.320423624
data299.jpg,1,0.748175296
data846.jpg,2,0.600792477
data908.jpg,2,0.421984085
data1767.jpg,4,0.900302377
data1755.jpg,4,0.58760804
data315.jpg,1,0.324490252
data135.jpg,1,0.32999267
data483.jpg,1,0.054618435
data1586.jpg,3,0.390388026
data611.jpg,2,0.492719456
data831.jpg,2,0.864633115
data1174.jpg,0,0.084617497
data1055.jpg,0,0.328153553
data1511.jpg,3,0.125962471
data797.jpg,2,0.515239093
data96.jpg,1,0.918765762
data43.jpg,1,0.07863483
data690.jpg,2,0.900474227
data867.jpg,2,0.90782467
data725.jpg,2,0.873687885
data975.jpg,0,0.008564318
data1204.jpg,0,0.310372732
data1543.jpg,3,0.611666295
data1816.jpg,4,0.414048189
data528.jpg,2,0.722030843
data1105.jpg,0,0.338227301
data1421.jpg,0,0.086713214
data1592.jpg,3,0.101182229
data1533.jpg,3,0.261551475
data466.jpg,1,0.730423236
data903.jpg,2,0.093511627
data1132.jpg,0,0.18561028
data252.jpg,1,0.61101819
data241.jpg,1,0.710776633
data688.jpg,2,0.627481506
data410.jpg,1,0.195765187
data1447.jpg,0,0.383731589
data1446.jpg,0,0.942070831
data292.jpg,1,0.966632157
data780.jpg,2,0.133885963
data189.jpg,1,0.281436357
data1923.jpg,4,0.845992852
data1647.jpg,3,0.719494659
data54.jpg,1,0.702820345
data1185.jpg,0,0.986720921
data777.jpg,2,0.492882567
data137.jpg,1,0.680469173
data425.jpg,1,0.688656933
data68.jpg,1,0.081382929
data991.jpg,0,0.332725677
data552.jpg,2,0.589061983
data1428.jpg,0,0.630224851
data332.jpg,1,0.567942669
data1805.jpg,4,0.825409325
data1425.jpg,0,0.410690438
data1700.jpg,3,0.728496931
data468.jpg,1,0.717683519
data419.jpg,1,0.983129896
data648.jpg,2,0.154394619
data1495.jpg,3,0.777187355
data1708.jpg,4,0.592357296
data1913.jpg,4,0.969355588
data841.jpg,2,0.357996656
data1734.jpg,4,0.252439833
data793.jpg,2,0.607294578
data368.jpg,1,0.270654559
data1079.jpg,0,0.082974525
data171.jpg,1,0.726893386
data999.jpg,0,0.432909521
data952.jpg,2,0.8599311
data298.jpg,1,0.409278049
data1843.jpg,4,0.187676809
data1333.jpg,0,0.672424326
data1672.jpg,3,0.959034257
data1042.jpg,0,0.321231887
data337.jpg,1,0.497119296
data719.jpg,2,0.034097005
data1231.jpg,0,0.881794368
data1099.jpg,0,0.33620341
data1944.jpg,4,0.947916396
data998.jpg,0,0.773671155
data1395.jpg,0,0.020632055
data564.jpg,2,0.199984058
data766.jpg,2,0.766941563
data635.jpg,2,0.707982062
data914.jpg,2,0.792482966
data1186.jpg,0,0.391226861
data535.jpg,2,0.639633207
data538.jpg,2,0.973093494
data1117.jpg,0,0.435358044
data276.jpg,1,0.05261096
data1053.jpg,0,0.287143206
data1203.jpg,0,0.791702034
data1358.jpg,0,0.615019521
data460.jpg,1,0.225877005
data1584.jpg,3,0.079150962
data312.jpg,1,0.201943175
data1159.jpg,0,0.676770942
data949.jpg,2,0.21914929
data1714.jpg,4,0.501316158
data1122.jpg,0,0.358775762
data326.jpg,1,0.141411998
data757.jpg,2,0.699925707
data1630.jpg,3,0.839977893
data1199.jpg,0,0.894659389
data602.jpg,2,0.874193822
data1353.jpg,0,0.153253516
data800.jpg,2,0.126820898
data58.jpg,1,0.974075289
data1578.jpg,3,0.212706582
data1576.jpg,3,0.555730956
data401.jpg,1,0.915695353
data847.jpg,2,0.59363329
data86.jpg,1,0.300491048
data1137.jpg,0,0.135125041
data109.jpg,1,0.179479562
data1469.jpg,3,0.162828565
data1233.jpg,0,0.87336619
data717.jpg,2,0.312187658
data865.jpg,2,0.764394311
data1295.jpg,0,0.798300719
data1399.jpg,0,0.205782886
data1179.jpg,0,0.814776352
data891.jpg,2,0.100907572
data300.jpg,1,0.474954452
data724.jpg,2,0.446539298
data357.jpg,1,0.193716683
data1214.jpg,0,0.504739073
data604.jpg,2,0.094500696
data1167.jpg,0,0.521885875
data508.jpg,2,0.749078928
data1392.jpg,0,0.583856015
data1770.jpg,4,0.625721433
data804.jpg,2,0.216362284
data1111.jpg,0,0.079608017
data1084.jpg,0,0.342055715
data1023.jpg,0,0.910727752
data589.jpg,2,0.693646454
data1724.jpg,4,0.603387249
data710.jpg,2,0.558280392
data108.jpg,1,0.868687063
data759.jpg,2,0.779809659
data858.jpg,2,0.64610855
data1004.jpg,0,0.887019911
data644.jpg,2,0.215420424
data1290.jpg,0,0.998540066
data182.jpg,1,0.657795044
data53.jpg,1,0.593885008
data669.jpg,2,0.108735828
data605.jpg,2,0.001450032
data929.jpg,2,0.60350308
data1699.jpg,3,0.520941605
data1546.jpg,3,0.291632089
data323.jpg,1,0.67791513
data1172.jpg,0,0.70976157
data206.jpg,1,0.291239594
data1864.jpg,4,0.679424588
data978.jpg,0,0.397031945
data597.jpg,2,0.697586133
data1509.jpg,3,0.593523608
data1580.jpg,3,0.394456191
data1655.jpg,3,0.057525644
data254.jpg,1,0.864914945
data747.jpg,2,0.012908369
data566.jpg,2,0.486658649
data599.jpg,2,0.572976862
data1305.jpg,0,0.487447614
data1911.jpg,4,0.594179886
data8.jpg,1,0.035902016
data18.jpg,1,0.71902137
data727.jpg,2,0.921564812
data1778.jpg,4,0.895667545
data939.jpg,2,0.013021982
data1583.jpg,3,0.499989699
data667.jpg,2,0.501343045
data1059.jpg,0,0.819218514
data735.jpg,2,0.369315823
data1136.jpg,0,0.492583254
data679.jpg,2,0.290903409
data1833.jpg,4,0.005407597
data49.jpg,1,0.89202365
data1618.jpg,3,0.602456683
data1525.jpg,3,0.27266913
data1831.jpg,4,0.384160783
data488.jpg,2,0.24307567
data329.jpg,1,0.846178544
data375.jpg,1,0.277648491
data1600.jpg,3,0.807418469
data1793.jpg,4,0.714314431
data523.jpg,2,0.987762162
data1819.jpg,4,0.599759028
data167.jpg,1,0.173337819
data1284.jpg,0,0.570449014
data578.jpg,2,0.537549748
data1681.jpg,3,0.777236702
data937.jpg,2,0.545764497
data194.jpg,1,0.347521628
data37.jpg,1,0.915883486
data1732.jpg,4,0.394536007
data1422.jpg,0,0.605693668
data328.jpg,1,0.843210541
data1211.jpg,0,0.723247496
data994.jpg,0,0.40009698
data1324.jpg,0,0.591897285
data173.jpg,1,0.687209247
data450.jpg,1,0.020949784
data603.jpg,2,0.410266413
data556.jpg,2,0.150266765
data698.jpg,2,0.972074683
data62.jpg,1,0.08436077
data214.jpg,1,0.825638535
data1603.jpg,3,0.622499521
data1674.jpg,3,0.225953269
data1109.jpg,0,0.708820649
data503.jpg,2,0.141251985
data1347.jpg,0,0.585225786
data645.jpg,2,0.789094924
data877.jpg,2,0.821461479
data941.jpg,2,0.564997626
data1489.jpg,3,0.861323541
data385.jpg,1,0.028820906
data882.jpg,2,0.44201069
data934.jpg,2,0.171129118
data1142.jpg,0,0.175371151
data1737.jpg,4,0.119943638
data1115.jpg,0,0.070817364
data1339.jpg,0,0.699150197
data24.jpg,1,0.542771674
data333.jpg,1,0.374860285
data1660.jpg,3,0.645469805
data1924.jpg,4,0.136396652
data436.jpg,1,0.851568227
data1617.jpg,3,0.212734843
data592.jpg,2,0.52500185
data803.jpg,2,0.938428116
data504.jpg,2,0.894617847
data60.jpg,1,0.011930568
data1589.jpg,3,0.846903921
data871.jpg,2,0.542976534
data555.jpg,2,0.172412373
data799.jpg,2,0.635691798
data834.jpg,2,0.840202459
data1634.jpg,3,0.733493502
data1043.jpg,0,0.875584602
data960.jpg,2,0.119151193
data75.jpg,1,0.797096944
data924.jpg,2,0.725273973
data1953.jpg,4,0.076796696
data1677.jpg,3,0.521020929
data1639.jpg,3,0.906827316
data1916.jpg,4,0.65950664
data1937.jpg,4,0.524036139
data769.jpg,2,0.876924014
data1275.jpg,0,0.290677986
data485.jpg,2,0.500737934
data1693.jpg,3,0.452959637
data942.jpg,2,0.777746013
data1506.jpg,3,0.755684964
data1844.jpg,4,0.238052382
data1768.jpg,4,0.836306019
data1652.jpg,3,0.805599023
data880.jpg,2,0.70212085
data787.jpg,2,0.542783189
data1498.jpg,3,0.065656128
data303.jpg,1,0.088818217
data732.jpg,2,0.941799776
data501.jpg,2,0.507087261
data1667.jpg,3,0.25099888
data1120.jpg,0,0.838929955
data55.jpg,1,0.209357319
data42.jpg,1,0.165026053
data230.jpg,1,0.594595577
data1562.jpg,3,0.847929521
data1001.jpg,0,0.468771315
data775.jpg,2,0.191355866
data1382.jpg,0,0.72657298
data1135.jpg,0,0.18244266
data262.jpg,1,0.1259039
data771.jpg,2,0.529249705
data1668.jpg,3,0.013704936
data687.jpg,2,0.461716534
data1750.jpg,4,0.858625011
data121.jpg,1,0.256938119
data1314.jpg,0,0.757281663
data272.jpg,1,0.273728173
data335.jpg,1,0.620523672
data1153.jpg,0,0.275238001
data205.jpg,1,0.10409187
data1722.jpg,4,0.847683983
data227.jpg,1,0.280197558
data729.jpg,2,0.224236595
data1585.jpg,3,0.559507994
data666.jpg,2,0.171634543
data1894.jpg,4,0.601868903
data1098.jpg,0,0.067982383
data218.jpg,1,0.101420962
data520.jpg,2,0.844213168
data1152.jpg,0,0.177316161
data1540.jpg,3,0.00565222
